{"data":[{"unit_items":null,"total_games":578772,"win_percentage":13.331501869475373,"top4_percentage":49.70627466428922,"avg_placement":4.493821401173519,"placement_count":[77159,70349,70145,70033,71207,73661,75271,70947]}],"filter_adjustment":{"override_applied":false,"rank_filter":"CHALLENGER,DIAMOND,EMERALD,GRANDMASTER,MASTER,PLATINUM","sample_size":6783298}}