{"data":[{"unit_items":null,"total_games":247836,"win_percentage":15.690617989315514,"top4_percentage":51.88511757775303,"avg_placement":4.351546990751949,"placement_count":[38887,30697,29521,29485,29814,30789,31262,27381]}],"filter_adjustment":{"override_applied":false,"rank_filter":"CHALLENGER,DIAMOND,EMERALD,GRANDMASTER,MASTER,PLATINUM","sample_size":6803994}}